id,start1,end1,start2,end2,length,distance
1,7,190,37,220,183,3031553
2,7,160,67,220,153,3031553
3,7,130,97,220,123,3031553
4,3886,3954,468939,469007,68,464985
5,3887,3954,468971,469038,67,465017
6,3887,3954,469002,469069,67,465048
7,3887,3954,469033,469100,67,465079
8,3887,3954,469064,469131,67,465110
9,3887,3954,469095,469162,67,465141
10,3887,3954,469188,469255,67,465234
11,3887,3953,469219,469285,66,465266
12,3887,3953,1691905,1691971,66,1343682
13,3887,3954,1826714,1826781,67,1208872
14,3887,3954,1826745,1826812,67,1208841
15,3887,3954,1826776,1826843,67,1208810
16,3887,3954,1826807,1826874,67,1208779
17,3887,3954,1826838,1826905,67,1208748
18,3887,3954,1826869,1826936,67,1208717
19,3887,3954,1826962,1827029,67,1208624
20,3887,3953,1826993,1827059,66,1208594
21,3887,3954,1837430,1837497,67,1198156
22,3887,3954,1837461,1837528,67,1198125
23,3887,3954,1972470,1972537,67,1063116
24,3887,3954,1972501,1972568,67,1063085
25,3887,3954,1972532,1972599,67,1063054
26,3887,3937,1972563,1972613,50,1063040
27,3887,3954,1972625,1972692,67,1062961
28,3887,3954,1972656,1972723,67,1062930
29,3887,3954,1972687,1972754,67,1062899
30,3887,3953,1972718,1972784,66,1062869
31,3887,3954,2943982,2944049,67,91604
32,3887,3954,2944013,2944080,67,91573
33,3887,3953,2944044,2944110,66,91543
34,3888,3954,1826684,1826750,66,1208904
35,3895,3954,469165,469224,59,465211
36,3895,3954,1826939,1826998,59,1208663
37,11009,11093,11040,11124,84,3031651
38,11009,11116,1216504,1216611,107,1205388
39,11009,11085,1216535,1216611,76,1205450
40,11009,11072,1216628,1216691,63,1205556
41,11009,11124,1216756,1216871,115,1205632
42,11009,11124,1216787,1216902,115,1205663
43,11009,11124,1216818,1216933,115,1205694
44,11009,11124,1216849,1216964,115,1205725
45,11009,11096,1216880,1216967,87,1205784
46,11009,11065,1216911,1216967,56,1205846
47,11009,11124,1343504,1343619,115,1332380
48,11009,11124,1343535,1343650,115,1332411
49,11009,11093,1343566,1343650,84,1332473
50,11009,11062,1343597,1343650,53,1332535
51,11009,11124,1415186,1415301,115,1404062
52,11009,11124,1415217,1415332,115,1404093
53,11009,11104,1415248,1415343,95,1404144
54,11009,11073,1415279,1415343,64,1404206
55,11009,11093,1415372,1415456,84,1404279
56,11009,11062,1415403,1415456,53,1404341
57,11009,11062,1834546,1834599,53,1208176
58,11009,11124,1842392,1842507,115,1200268
59,11009,11124,1842423,1842538,115,1200237
60,11009,11124,1842454,1842569,115,1200206
61,11009,11124,1842485,1842600,115,1200175
62,11009,11122,1842516,1842629,113,1200146
63,11009,11091,1842547,1842629,82,1200146
64,11009,11060,1842578,1842629,51,1200146
65,11009,11124,1961467,1961582,115,1081193
66,11009,11093,1961498,1961582,84,1081193
67,11009,11062,1961529,1961582,53,1081193
68,11009,11062,2554784,2554837,53,487938
69,11009,11124,2583394,2583509,115,459266
70,11009,11124,2583425,2583540,115,459235
71,11009,11124,2583456,2583571,115,459204
72,11009,11102,2583487,2583580,93,459195
73,11009,11071,2583518,2583580,62,459195
74,11009,11124,2583725,2583840,115,458935
75,11009,11124,2583756,2583871,115,458904
76,11009,11124,2583787,2583902,115,458873
77,11009,11126,2583818,2583935,117,458840
78,11009,11093,2583849,2583933,84,458842
79,11009,11062,2583880,2583933,53,458842
80,11009,11124,2737087,2737202,115,305573
81,11009,11124,2737118,2737233,115,305542
82,11009,11124,2737149,2737264,115,305511
83,11009,11124,2737180,2737295,115,305480
84,11009,11126,2737211,2737328,117,305447
85,11009,11093,2737242,2737326,84,305449
86,11009,11062,2737273,2737326,53,305449
87,11009,11124,3020354,3020469,115,22306
88,11009,11124,3020385,3020500,115,22275
89,11009,11124,3020416,3020531,115,22244
90,11009,11116,3020447,3020554,107,22221
91,11009,11085,3020478,3020554,76,22221
92,11009,11124,3020571,3020686,115,22089
93,11009,11093,3020602,3020686,84,22089
94,11009,11062,3020633,3020686,53,22089
95,11012,11124,1415344,1415456,112,1404220
96,11012,11093,1834518,1834599,81,1208179
97,11012,11093,2554756,2554837,81,487941
98,11012,11124,3020326,3020438,112,22340
99,11015,11124,1961442,1961551,109,1081230
100,11024,11103,1216612,1216691,79,1205509
101,11024,11124,3020555,3020655,100,22135
102,11027,11124,1216491,1216588,97,1205367
103,11027,11081,1216687,1216741,54,1205606
104,11027,11124,1842379,1842476,97,1200317
105,11027,11124,2583381,2583478,97,459315
106,11028,11124,1216744,1216840,96,1205620
107,11033,11124,2583718,2583809,91,458990
108,11033,11124,2737080,2737171,91,305628
109,11037,11124,1343501,1343588,87,1332377
110,11037,11124,1415183,1415270,87,1404059
111,11043,11124,1415344,1415425,81,1404220
112,11043,11124,1834518,1834599,81,1208210
113,11043,11124,2554756,2554837,81,487972
114,11043,11124,3020326,3020407,81,22402
115,11046,11124,1961442,1961520,78,1081292
116,11055,11124,1216612,1216681,69,1205488
117,11055,11124,3020555,3020624,69,22197
118,11058,11124,1216491,1216557,66,1205367
119,11058,11112,1216687,1216741,54,1205575
120,11058,11124,1842379,1842445,66,1200379
121,11058,11124,2583381,2583447,66,459377
122,11059,11124,1216744,1216809,65,1205620
123,11064,11124,2583718,2583778,60,459052
124,11064,11124,2737080,2737140,60,305690
125,11068,11124,1343501,1343557,56,1332377
126,11068,11124,1415183,1415239,56,1404059
127,11074,11124,1415344,1415394,50,1404220
128,11074,11124,1834518,1834568,50,1208272
129,11074,11124,2554756,2554806,50,488034
130,11074,11124,3020326,3020376,50,22464
131,24689,25232,37291,37834,543,12059
132,41336,41402,1431291,1431357,66,1389889
133,41338,41402,1343460,1343524,64,1302058
134,41338,41403,2657404,2657469,65,415635
135,41339,41396,216900,216957,57,175504
136,41339,41396,580805,580862,57,539409
137,41339,41396,757515,757572,57,716119
138,41339,41396,888208,888265,57,846812
139,41339,41396,919496,919553,57,878100
140,41339,41396,1064096,1064153,57,1022700
141,41339,41396,1064232,1064289,57,1022836
142,41339,41396,1286009,1286066,57,1244613
143,41339,41402,1415143,1415206,63,1373741
144,41339,41396,1556254,1556311,57,1514858
145,41339,41396,1573010,1573067,57,1500038
146,41339,41396,1603000,1603057,57,1470048
147,41339,41396,1893774,1893831,57,1179274
148,41339,41396,1896817,1896874,57,1176231
149,41339,41401,2073871,2073933,62,999172
150,41339,41395,2732152,2732208,56,340897
151,41339,41396,2770543,2770600,57,302505
152,41339,41396,2884040,2884097,57,189008
153,41339,41396,2884101,2884158,57,188947
154,41339,41396,2884162,2884219,57,188886
155,41345,41396,2927881,2927932,51,145179
156,77874,77946,954060,954132,72,876114
157,77874,77946,1230244,1230316,72,1152298
158,77875,77947,1885123,1885195,72,1224446
159,77878,77946,620404,620472,68,542458
160,77878,77947,968575,968644,69,890628
161,77878,77946,1884856,1884924,68,1224720
162,77879,77942,2886438,2886501,63,223144
163,77879,77942,2886499,2886562,63,223083
164,77879,77942,2886560,2886623,63,223022
165,77879,77942,2892267,2892330,63,217315
166,77885,77943,356682,356740,58,278739
167,77885,77943,632020,632078,58,554077
168,77885,77942,773635,773692,57,695693
169,77885,77942,1636075,1636132,57,1473519
170,77885,77942,1872054,1872111,57,1237540
171,77885,77942,2064060,2064117,57,1045534
172,77885,77942,2996171,2996228,57,113423
173,81250,81333,81287,81370,83,3031646
174,123749,123888,2508731,2508870,139,646645
175,123949,123999,2508921,2508971,50,646744
176,126659,126709,2411571,2411621,50,746804
177,131504,131585,2143599,2143680,81,1019590
178,131639,131715,1403932,1404008,76,1272217
179,131875,131940,2156746,2156811,65,1006830
180,191169,191230,1929548,1929609,61,1293326
181,191231,191288,1929610,1929667,57,1293330
182,191328,191404,1929665,1929741,76,1293353
183,191504,191562,1929600,1929658,58,1293612
184,216895,216964,580800,580869,69,363836
185,216895,216965,757510,757580,70,540545
186,216895,216972,1573005,1573082,77,1356033
187,216895,216964,1893769,1893838,69,1354823
188,216895,216956,2732147,2732208,61,516453
189,216896,216964,888204,888272,68,671240
190,216896,216963,919492,919559,67,702529
191,216896,216965,1064092,1064161,69,847127
192,216896,216964,1286005,1286073,68,1069041
193,216896,216965,1602996,1603065,69,1386031
194,216896,216965,1896813,1896882,69,1351780
195,216897,216964,1064229,1064296,67,847265
196,216897,216972,1556251,1556326,75,1339279
197,216899,216957,2073870,2073928,58,1174737
198,216900,216957,1343461,1343518,57,1126504
199,216900,216957,1415143,1415200,57,1198186
200,216900,216957,1431294,1431351,57,1214337
201,216900,216957,2657405,2657462,57,591204
202,216900,216963,2770543,2770606,63,478060
203,216900,216963,2884040,2884103,63,364563
204,216900,216963,2884101,2884164,63,364502
205,216900,216963,2884162,2884225,63,364441
206,216906,216964,2927881,2927939,58,320733
207,221123,221188,719284,719349,65,498096
208,234921,235002,234990,235071,81,3031616
209,238240,238295,238294,238349,55,3031657
210,268397,268472,679862,679937,75,411390
211,271949,272002,3001674,3001727,53,301988
212,293416,293480,1058009,1058073,64,764529
213,298258,298313,298297,298352,55,3031672
214,323498,323553,1123685,1123740,55,800132
215,323538,323600,1123740,1123802,62,800140
216,356678,356740,632016,632078,62,275276
217,356678,356739,773631,773692,61,416892
218,356678,356739,1636071,1636132,61,1279332
219,356678,356739,1872050,1872111,61,1515311
220,356678,356739,2064056,2064117,61,1324327
221,356678,356739,2996167,2996228,61,392216
222,356682,356740,620411,620469,58,263671
223,356682,356740,954071,954129,58,597331
224,356682,356740,968582,968640,58,611842
225,356682,356740,1230255,1230313,58,873515
226,356682,356740,1884863,1884921,58,1503527
227,356682,356740,1885133,1885191,58,1503257
228,356682,356739,2886444,2886501,57,501947
229,356682,356739,2886505,2886562,57,501886
230,356682,356739,2886566,2886623,57,501825
231,356682,356739,2892273,2892330,57,496118
232,414091,414206,840087,840202,115,425881
233,430928,430983,2501995,2502050,55,960644
234,436517,436636,1346335,1346454,119,909699
235,468940,469133,468971,469164,193,3031542
236,468940,469102,469002,469164,162,3031542
237,468940,469071,469033,469164,131,3031542
238,468940,469006,1691905,1691971,66,1222899
239,468940,469164,1826714,1826938,224,1357550
240,468940,469133,1826745,1826938,193,1357612
241,468940,469102,1826776,1826938,162,1357674
242,468940,469071,1826807,1826938,131,1357736
243,468940,469040,1826838,1826938,100,1357798
244,468940,469009,1826869,1826938,69,1357860
245,468940,469037,1826962,1827059,97,1357925
246,468940,469006,1826993,1827059,66,1357987
247,468940,469040,1837430,1837530,100,1368390
248,468940,469009,1837461,1837530,69,1368452
249,468940,469083,1972470,1972613,143,1503387
250,468940,469052,1972501,1972613,112,1503449
251,468940,469021,1972532,1972613,81,1503511
252,468940,468990,1972563,1972613,50,1503573
253,468940,469099,1972625,1972784,159,1503526
254,468940,469068,1972656,1972784,128,1503588
255,468940,469037,1972687,1972784,97,1503650
256,468940,469006,1972718,1972784,66,1503712
257,468940,469068,2943982,2944110,128,556596
258,468940,469037,2944013,2944110,97,556596
259,468940,469006,2944044,2944110,66,556596
260,468941,469164,1826684,1826907,223,1357520
261,468948,469068,1826939,1827059,120,1357871
262,468960,469130,1972614,1972784,170,1503484
263,468970,469114,1972469,1972613,144,1503355
264,468970,469099,2943981,2944110,129,556626
265,468971,469037,1691905,1691971,66,1222868
266,468971,469071,1837430,1837530,100,1368359
267,468972,469164,1826684,1826876,192,1357520
268,468979,469099,1826939,1827059,120,1357840
269,468991,469161,1972614,1972784,170,1503453
270,469001,469145,1972469,1972613,144,1503324
271,469001,469130,2943981,2944110,129,556657
272,469002,469068,1691905,1691971,66,1222837
273,469002,469102,1837430,1837530,100,1368328
274,469003,469164,1826684,1826845,161,1357520
275,469010,469130,1826939,1827059,120,1357809
276,469022,469164,1972614,1972756,142,1503450
277,469032,469164,1972469,1972601,132,1503305
278,469032,469161,2943981,2944110,129,556688
279,469033,469099,1691905,1691971,66,1222806
280,469033,469133,1837430,1837530,100,1368297
281,469034,469164,1826684,1826814,130,1357520
282,469041,469161,1826939,1827059,120,1357778
283,469053,469164,1972614,1972725,111,1503450
284,469063,469164,1972469,1972570,101,1503305
285,469063,469164,2943981,2944082,101,556747
286,469064,469130,1691905,1691971,66,1222775
287,469064,469164,1837430,1837530,100,1368266
288,469065,469164,1826684,1826783,99,1357520
289,469072,469164,1826939,1827031,92,1357775
290,469084,469164,1972614,1972694,80,1503450
291,469094,469164,1972469,1972539,70,1503305
292,469094,469164,2943981,2944051,70,556809
293,469095,469161,1691905,1691971,66,1222744
294,469095,469164,1837430,1837499,69,1368266
295,469096,469164,1826684,1826752,68,1357520
296,469103,469164,1826939,1827000,61,1357775
297,469165,469254,469196,469285,89,3031646
298,469165,469223,1691913,1691971,58,1222690
299,469165,469285,1826691,1826811,120,1357406
300,469165,469285,1826722,1826842,120,1357437
301,469165,469285,1826753,1826873,120,1357468
302,469165,469285,1826784,1826904,120,1357499
303,469165,469285,1826815,1826935,120,1357530
304,469165,469257,1826846,1826938,92,1357589
305,469165,469226,1826877,1826938,61,1357651
306,469165,469286,1826939,1827060,121,1357653
307,469165,469254,1826970,1827059,89,1357716
308,469165,469223,1827001,1827059,58,1357778
309,469165,469257,1837438,1837530,92,1368181
310,469165,469226,1837469,1837530,61,1368243
311,469165,469285,1972478,1972598,120,1503193
312,469165,469269,1972509,1972613,104,1503240
313,469165,469238,1972540,1972613,73,1503302
314,469165,469285,1972633,1972753,120,1503348
315,469165,469286,1972664,1972785,121,1503378
316,469165,469254,1972695,1972784,89,1503441
317,469165,469223,1972726,1972784,58,1503503
318,469165,469285,2943990,2944110,120,556821
319,469165,469254,2944021,2944110,89,556821
320,469165,469223,2944052,2944110,58,556821
321,469177,469285,1972614,1972722,108,1503329
322,469187,469285,1972469,1972567,98,1503184
323,469187,469285,2943981,2944079,98,556874
324,469188,469254,1691905,1691971,66,1222651
325,469188,469285,1837430,1837527,97,1368145
326,469189,469285,1826684,1826780,96,1357399
327,469196,469285,1826939,1827028,89,1357654
328,469208,469285,1972614,1972691,77,1503329
329,469218,469285,1972469,1972536,67,1503184
330,469218,469285,2943981,2944048,67,556936
331,469219,469286,1691905,1691972,67,1222619
332,469219,469285,1837430,1837496,66,1368145
333,469220,469285,1826684,1826749,65,1357399
334,469227,469285,1826939,1826997,58,1357654
335,480041,480133,1656654,1656746,92,1176521
336,490004,490090,866257,866343,86,376167
337,490004,490090,1296122,1296208,86,806032
338,490004,490090,2241261,2241347,86,1280423
339,580795,580869,1573000,1573074,74,992131
340,580796,580861,2732143,2732208,65,880354
341,580799,580869,757509,757579,70,176640
342,580799,580870,1893768,1893839,71,1312898
343,580801,580878,888204,888281,77,307326
344,580801,580868,919492,919559,67,338624
345,580801,580869,1064092,1064160,68,483223
346,580801,580880,1286005,1286084,79,705125
347,580801,580869,1602996,1603064,68,1022127
348,580801,580869,1896813,1896881,68,1315944
349,580802,580874,1064229,1064301,72,483355
350,580802,580869,1556251,1556318,67,975382
351,580804,580862,2073870,2073928,58,1493008
352,580805,580862,1343461,1343518,57,762599
353,580805,580862,1415143,1415200,57,834281
354,580805,580862,1431294,1431351,57,850432
355,580805,580862,2657405,2657462,57,955109
356,580805,580868,2770543,2770606,63,841965
357,580805,580868,2884040,2884103,63,728468
358,580805,580868,2884101,2884164,63,728407
359,580805,580868,2884162,2884225,63,728346
360,580811,580869,2927881,2927939,58,684638
361,620401,620480,1884853,1884932,79,1264373
362,620403,620472,968574,968643,69,348102
363,620404,620480,954064,954140,76,333584
364,620404,620480,1230248,1230324,76,609768
365,620404,620472,1885126,1885194,68,1264654
366,620405,620468,2886438,2886501,63,765670
367,620405,620468,2886499,2886562,63,765609
368,620405,620468,2886560,2886623,63,765548
369,620405,620468,2892267,2892330,63,759841
370,620411,620469,632020,632078,58,11551
371,620411,620468,773635,773692,57,153167
372,620411,620468,1636075,1636132,57,1015607
373,620411,620468,1872054,1872111,57,1251586
374,620411,620468,2064060,2064117,57,1443592
375,620411,620468,2996171,2996228,57,655949
376,632013,632077,2064053,2064117,64,1431976
377,632013,632077,2996164,2996228,64,667551
378,632015,632077,773630,773692,62,141553
379,632015,632077,1636070,1636132,62,1003993
380,632015,632077,1872049,1872111,62,1239972
381,632020,632078,954071,954129,58,321993
382,632020,632078,968582,968640,58,336504
383,632020,632078,1230255,1230313,58,598177
384,632020,632078,1884863,1884921,58,1252785
385,632020,632078,1885133,1885191,58,1253055
386,632020,632077,2886444,2886501,57,777285
387,632020,632077,2886505,2886562,57,777224
388,632020,632077,2886566,2886623,57,777163
389,632020,632077,2892273,2892330,57,771456
390,706727,706790,706777,706840,63,3031653
391,711186,711247,2080307,2080368,61,1369060
392,719207,719257,719238,719288,50,3031685
393,719207,719288,919542,919623,81,200254
394,719207,719288,919573,919654,81,200285
395,719207,719261,919604,919658,54,200343
396,719207,719257,2884208,2884258,50,866715
397,719219,719280,3020524,3020585,61,730400
398,719232,719288,919536,919592,56,200248
399,719232,719288,2884202,2884258,56,866740
400,734975,735030,1682355,1682410,55,947325
401,734982,735032,1682632,1682682,50,947600
402,757506,757579,1893765,1893838,73,1136186
403,757509,757580,1573004,1573075,71,815424
404,757509,757571,2732146,2732208,62,1057067
405,757511,757579,888204,888272,68,130625
406,757511,757578,919492,919559,67,161914
407,757511,757587,1064092,1064168,76,306505
408,757511,757579,1286005,1286073,68,528426
409,757511,757582,1602996,1603067,71,845414
410,757511,757582,1896813,1896884,71,1139231
411,757512,757579,1064229,1064296,67,306650
412,757512,757580,1556251,1556319,68,798671
413,757514,757572,2073870,2073928,58,1316298
414,757515,757572,1343461,1343518,57,585889
415,757515,757572,1415143,1415200,57,657571
416,757515,757572,1431294,1431351,57,673722
417,757515,757572,2657405,2657462,57,1131819
418,757515,757578,2770543,2770606,63,1018675
419,757515,757578,2884040,2884103,63,905178
420,757515,757578,2884101,2884164,63,905117
421,757515,757578,2884162,2884225,63,905056
422,757521,757579,2927881,2927939,58,861348
423,758284,758340,2658510,2658566,56,1131484
424,773626,773693,1636066,1636133,67,862373
425,773627,773693,1872046,1872112,66,1098353
426,773630,773695,2064055,2064120,65,1290360
427,773630,773693,2996166,2996229,63,809167
428,773635,773692,954071,954128,57,180379
429,773635,773692,968582,968639,57,194890
430,773635,773692,1230255,1230312,57,456563
431,773635,773692,1884863,1884920,57,1111171
432,773635,773692,1885133,1885190,57,1111441
433,773635,773692,2886444,2886501,57,918900
434,773635,773692,2886505,2886562,57,918839
435,773635,773692,2886566,2886623,57,918778
436,773635,773693,2892273,2892331,58,913070
437,786884,786951,2572226,2572293,67,1246357
438,787062,787122,2572416,2572476,60,1246352
439,787182,787247,2572624,2572689,65,1246259
440,787268,787324,2572718,2572774,56,1246260
441,787325,787383,2572775,2572833,58,1246258
442,787697,787827,2572892,2573022,130,1246441
443,864173,864226,2990814,2990867,53,905072
444,864310,864383,1292802,1292875,73,428419
445,864621,864718,2492306,2492403,97,1403984
446,866050,866136,2241017,2241103,86,1374881
447,866136,866197,1987968,1988029,61,1121771
448,866235,866378,2241239,2241382,143,1374861
449,866651,866827,1442156,1442332,176,575329
450,888195,888271,919483,919559,76,31212
451,888195,888281,1285996,1286082,86,397715
452,888196,888272,1602988,1603064,76,714716
453,888198,888272,1064086,1064160,74,175814
454,888198,888272,1896807,1896881,74,1008535
455,888204,888272,1573006,1573074,68,684734
456,888204,888273,1893770,1893839,69,1005497
457,888204,888264,2732148,2732208,60,1187762
458,888205,888277,1064229,1064301,72,175952
459,888205,888272,1556251,1556318,67,667979
460,888207,888265,2073870,2073928,58,1185605
461,888208,888265,1343461,1343518,57,455196
462,888208,888265,1415143,1415200,57,526878
463,888208,888265,1431294,1431351,57,543029
464,888208,888265,2657405,2657462,57,1262512
465,888208,888271,2770543,2770606,63,1149368
466,888208,888271,2884040,2884103,63,1035871
467,888208,888271,2884101,2884164,63,1035810
468,888208,888271,2884162,2884225,63,1035749
469,888214,888272,2927881,2927939,58,992041
470,919482,919559,1285995,1286072,77,366436
471,919484,919559,1602988,1603063,75,683429
472,919486,919559,1064086,1064159,73,144527
473,919486,919559,1896807,1896880,73,977248
474,919492,919559,1573006,1573073,67,653447
475,919492,919559,1893770,1893837,67,974211
476,919492,919552,2732148,2732208,60,1219050
477,919493,919559,1064229,1064295,66,144670
478,919493,919559,1556251,1556317,66,636692
479,919495,919553,2073870,2073928,58,1154317
480,919496,919553,1343461,1343518,57,423908
481,919496,919553,1415143,1415200,57,495590
482,919496,919553,1431294,1431351,57,511741
483,919496,919553,2657405,2657462,57,1293800
484,919496,919561,2770543,2770608,65,1180654
485,919496,919571,2884040,2884115,75,1067147
486,919496,919571,2884101,2884176,75,1067086
487,919496,919592,2884162,2884258,96,1067004
488,919502,919559,2927881,2927938,57,1023330
489,919536,919627,919567,919658,91,3031644
490,919554,919615,3020524,3020585,61,930735
491,919567,919623,2884202,2884258,56,1067075
492,919585,919646,3020524,3020585,61,930766
493,919598,919654,2884202,2884258,56,1067106
494,954060,954142,1230244,1230326,82,276102
495,954061,954132,1885123,1885194,71,930991
496,954064,954132,968575,968643,68,14443
497,954064,954146,1884856,1884938,82,930710
498,954065,954128,2886438,2886501,63,1099330
499,954065,954128,2886499,2886562,63,1099269
500,954065,954128,2886560,2886623,63,1099208
501,954065,954128,2892267,2892330,63,1093501
502,954071,954128,1636075,1636132,57,681947
503,954071,954128,1872054,1872111,57,917926
504,954071,954128,2064060,2064117,57,1109932
505,954071,954128,2996171,2996228,57,989609
506,968574,968643,1884855,1884924,69,916212
507,968575,968643,1230248,1230316,68,261605
508,968575,968645,1885126,1885196,70,916481
509,968576,968639,2886438,2886501,63,1113841
510,968576,968639,2886499,2886562,63,1113780
511,968576,968639,2886560,2886623,63,1113719
512,968576,968639,2892267,2892330,63,1108012
513,968582,968639,1636075,1636132,57,667436
514,968582,968639,1872054,1872111,57,903415
515,968582,968639,2064060,2064117,57,1095421
516,968582,968639,2996171,2996228,57,1004120
517,1010455,1010508,1403781,1403834,53,393273
518,1021301,1021398,2447918,2448015,97,1426520
519,1024927,1024992,1916714,1916779,65,891722
520,1025200,1025277,1066885,1066962,77,41608
521,1064083,1064163,1896804,1896884,80,832641
522,1064086,1064160,1285999,1286073,74,221839
523,1064086,1064163,1602990,1603067,77,538827
524,1064092,1064161,1573006,1573075,69,508845
525,1064092,1064160,1893770,1893838,68,829610
526,1064092,1064152,2732148,2732208,60,1363650
527,1064093,1064161,1556251,1556319,68,492090
528,1064095,1064153,2073870,2073928,58,1009717
529,1064096,1064153,1343461,1343518,57,279308
530,1064096,1064153,1415143,1415200,57,350990
531,1064096,1064153,1431294,1431351,57,367141
532,1064096,1064153,2657405,2657462,57,1438400
533,1064096,1064159,2770543,2770606,63,1325256
534,1064096,1064159,2884040,2884103,63,1211759
535,1064096,1064159,2884101,2884164,63,1211698
536,1064096,1064159,2884162,2884225,63,1211637
537,1064102,1064160,2927881,2927939,58,1167929
538,1064225,1064296,1556247,1556318,71,491951
539,1064229,1064301,1286006,1286078,72,221705
540,1064229,1064296,1573007,1573074,67,508711
541,1064229,1064296,1602997,1603064,67,538701
542,1064229,1064297,1893771,1893839,68,829474
543,1064229,1064296,1896814,1896881,67,832518
544,1064229,1064288,2732149,2732208,59,1363787
545,1064231,1064289,2073870,2073928,58,1009581
546,1064232,1064289,1343461,1343518,57,279172
547,1064232,1064289,1415143,1415200,57,350854
548,1064232,1064289,1431294,1431351,57,367005
549,1064232,1064289,2657405,2657462,57,1438536
550,1064232,1064295,2770543,2770606,63,1325392
551,1064232,1064295,2884040,2884103,63,1211895
552,1064232,1064295,2884101,2884164,63,1211834
553,1064232,1064295,2884162,2884225,63,1211773
554,1064238,1064296,2927881,2927939,58,1168065
555,1071100,1071209,2083758,2083867,109,1012549
556,1088665,1088769,2336225,2336329,104,1247456
557,1100921,1101023,1580444,1580546,102,479421
558,1112639,1112875,2455072,2455308,236,1342197
559,1112875,1112957,2455311,2455393,82,1342354
560,1112958,1113032,2455394,2455468,74,1342362
561,1126681,1126737,1126693,1126749,56,3031698
562,1205479,1205538,2731812,2731871,59,1505374
563,1216491,1216580,1216522,1216611,89,3031646
564,1216491,1216611,1343522,1343642,120,126911
565,1216491,1216588,1343553,1343650,97,126965
566,1216491,1216557,1343584,1343650,66,127027
567,1216491,1216611,1415204,1415324,120,198593
568,1216491,1216599,1415235,1415343,108,198636
569,1216491,1216568,1415266,1415343,77,198698
570,1216491,1216588,1415359,1415456,97,198771
571,1216491,1216557,1415390,1415456,66,198833
572,1216491,1216557,1834533,1834599,66,617976
573,1216491,1216611,1842379,1842499,120,625768
574,1216491,1216611,1842410,1842530,120,625799
575,1216491,1216611,1842441,1842561,120,625830
576,1216491,1216611,1842472,1842592,120,625861
577,1216491,1216611,1842503,1842623,120,625892
578,1216491,1216586,1842534,1842629,95,625948
579,1216491,1216555,1842565,1842629,64,626010
580,1216491,1216611,1961454,1961574,120,744843
581,1216491,1216588,1961485,1961582,97,744897
582,1216491,1216557,1961516,1961582,66,744959
583,1216491,1216557,2554771,2554837,66,1338214
584,1216491,1216611,2583381,2583501,120,1366770
585,1216491,1216611,2583412,2583532,120,1366801
586,1216491,1216611,2583443,2583563,120,1366832
587,1216491,1216597,2583474,2583580,106,1366877
588,1216491,1216566,2583505,2583580,75,1366939
589,1216491,1216611,2583743,2583863,120,1367132
590,1216491,1216611,2583774,2583894,120,1367163
591,1216491,1216611,2583805,2583925,120,1367194
592,1216491,1216588,2583836,2583933,97,1367248
593,1216491,1216557,2583867,2583933,66,1367310
594,1216491,1216611,2737105,2737225,120,1511032
595,1216491,1216611,2737136,2737256,120,1511001
596,1216491,1216611,2737167,2737287,120,1510970
597,1216491,1216611,2737198,2737318,120,1510939
598,1216491,1216588,2737229,2737326,97,1510931
599,1216491,1216557,2737260,2737326,66,1510931
600,1216491,1216611,3020341,3020461,120,1227796
601,1216491,1216611,3020372,3020492,120,1227765
602,1216491,1216611,3020403,3020523,120,1227734
603,1216491,1216611,3020434,3020554,120,1227703
604,1216491,1216580,3020465,3020554,89,1227703
605,1216491,1216549,3020496,3020554,58,1227703
606,1216491,1216611,3020558,3020678,120,1227579
607,1216491,1216588,3020589,3020686,97,1227571
608,1216491,1216557,3020620,3020686,66,1227571
609,1216497,1216611,2583718,2583832,114,1367107
610,1216497,1216611,2737080,2737194,114,1511069
611,1216501,1216611,1343501,1343611,110,126890
612,1216501,1216611,1415183,1415293,110,198572
613,1216507,1216611,1415344,1415448,104,198733
614,1216507,1216588,1834518,1834599,81,617930
615,1216507,1216588,2554756,2554837,81,1338168
616,1216507,1216611,3020326,3020430,104,1227843
617,1216510,1216611,1961442,1961543,101,744831
618,1216519,1216611,3020555,3020647,92,1227638
619,1216522,1216611,1842379,1842468,89,625768
620,1216522,1216611,2583381,2583470,89,1366770
621,1216528,1216611,2583718,2583801,83,1367107
622,1216528,1216611,2737080,2737163,83,1511131
623,1216532,1216611,1343501,1343580,79,126890
624,1216532,1216611,1415183,1415262,79,198572
625,1216538,1216611,1415344,1415417,73,198733
626,1216538,1216611,1834518,1834591,73,617907
627,1216538,1216611,2554756,2554829,73,1338145
628,1216538,1216611,3020326,3020399,73,1227905
629,1216541,1216611,1961442,1961512,70,744831
630,1216550,1216611,3020555,3020616,61,1227700
631,1216553,1216611,1842379,1842437,58,625768
632,1216553,1216611,2583381,2583439,58,1366770
633,1216559,1216611,2583718,2583770,52,1367107
634,1216559,1216611,2737080,2737132,52,1511193
635,1216612,1216691,1343519,1343598,79,126828
636,1216612,1216691,1343550,1343629,79,126859
637,1216612,1216681,1343581,1343650,69,126900
638,1216612,1216691,1415201,1415280,79,198510
639,1216612,1216691,1415232,1415311,79,198541
640,1216612,1216691,1415263,1415342,79,198572
641,1216612,1216691,1415356,1415435,79,198665
642,1216612,1216681,1415387,1415456,69,198706
643,1216612,1216681,1834530,1834599,69,617849
644,1216612,1216691,1842407,1842486,79,625716
645,1216612,1216691,1842438,1842517,79,625747
646,1216612,1216691,1842469,1842548,79,625778
647,1216612,1216691,1842500,1842579,79,625809
648,1216612,1216691,1842531,1842610,79,625840
649,1216612,1216679,1842562,1842629,67,625883
650,1216612,1216691,1961451,1961530,79,744760
651,1216612,1216691,1961482,1961561,79,744791
652,1216612,1216681,1961513,1961582,69,744832
653,1216612,1216681,2554768,2554837,69,1338087
654,1216612,1216691,2583409,2583488,79,1366718
655,1216612,1216691,2583440,2583519,79,1366749
656,1216612,1216691,2583471,2583550,79,1366780
657,1216612,1216690,2583502,2583580,78,1366812
658,1216612,1216691,2583740,2583819,79,1367049
659,1216612,1216691,2583771,2583850,79,1367080
660,1216612,1216691,2583802,2583881,79,1367111
661,1216612,1216691,2583833,2583912,79,1367142
662,1216612,1216681,2583864,2583933,69,1367183
663,1216612,1216691,2737102,2737181,79,1511197
664,1216612,1216691,2737133,2737212,79,1511166
665,1216612,1216691,2737164,2737243,79,1511135
666,1216612,1216691,2737195,2737274,79,1511104
667,1216612,1216691,2737226,2737305,79,1511073
668,1216612,1216681,2737257,2737326,69,1511052
669,1216612,1216691,3020338,3020417,79,1227961
670,1216612,1216691,3020369,3020448,79,1227930
671,1216612,1216691,3020400,3020479,79,1227899
672,1216612,1216691,3020431,3020510,79,1227868
673,1216612,1216691,3020462,3020541,79,1227837
674,1216612,1216673,3020493,3020554,61,1227824
675,1216612,1216691,3020555,3020634,79,1227744
676,1216612,1216691,3020586,3020665,79,1227713
677,1216612,1216681,3020617,3020686,69,1227692
678,1216615,1216691,1842379,1842455,76,625688
679,1216615,1216691,2583381,2583457,76,1366690
680,1216621,1216691,2583718,2583788,70,1367027
681,1216621,1216691,2737080,2737150,70,1511237
682,1216625,1216691,1343501,1343567,66,126810
683,1216625,1216691,1415183,1415249,66,198492
684,1216631,1216691,1415344,1415404,60,198653
685,1216631,1216691,1834518,1834578,60,617827
686,1216631,1216691,2554756,2554816,60,1338065
687,1216631,1216691,3020326,3020386,60,1228011
688,1216634,1216691,1961442,1961499,57,744751
689,1216686,1216741,1842378,1842433,55,625637
690,1216687,1216741,1343522,1343576,54,126781
691,1216687,1216741,1343553,1343607,54,126812
692,1216687,1216741,1343584,1343638,54,126843
693,1216687,1216741,1415204,1415258,54,198463
694,1216687,1216741,1415235,1415289,54,198494
695,1216687,1216741,1415266,1415320,54,198525
696,1216687,1216741,1415359,1415413,54,198618
697,1216687,1216741,1415390,1415444,54,198649
698,1216687,1216741,1834533,1834587,54,617792
699,1216687,1216741,1842410,1842464,54,625669
700,1216687,1216741,1842441,1842495,54,625700
701,1216687,1216741,1842472,1842526,54,625731
702,1216687,1216741,1842503,1842557,54,625762
703,1216687,1216741,1842534,1842588,54,625793
704,1216687,1216741,1842565,1842619,54,625824
705,1216687,1216741,1961454,1961508,54,744713
706,1216687,1216741,1961485,1961539,54,744744
707,1216687,1216741,1961516,1961570,54,744775
708,1216687,1216741,2554771,2554825,54,1338030
709,1216687,1216741,2583381,2583435,54,1366640
710,1216687,1216741,2583412,2583466,54,1366671
711,1216687,1216741,2583443,2583497,54,1366702
712,1216687,1216741,2583474,2583528,54,1366733
713,1216687,1216741,2583505,2583559,54,1366764
714,1216687,1216741,2583743,2583797,54,1367002
715,1216687,1216741,2583774,2583828,54,1367033
716,1216687,1216741,2583805,2583859,54,1367064
717,1216687,1216741,2583836,2583890,54,1367095
718,1216687,1216741,2583867,2583921,54,1367126
719,1216687,1216741,2737105,2737159,54,1511294
720,1216687,1216741,2737136,2737190,54,1511263
721,1216687,1216741,2737167,2737221,54,1511232
722,1216687,1216741,2737198,2737252,54,1511201
723,1216687,1216741,2737229,2737283,54,1511170
724,1216687,1216741,2737260,2737314,54,1511139
725,1216687,1216741,3020341,3020395,54,1228058
726,1216687,1216741,3020372,3020426,54,1228027
727,1216687,1216741,3020403,3020457,54,1227996
728,1216687,1216741,3020434,3020488,54,1227965
729,1216687,1216741,3020465,3020519,54,1227934
730,1216687,1216741,3020496,3020550,54,1227903
731,1216687,1216741,3020558,3020612,54,1227841
732,1216687,1216741,3020589,3020643,54,1227810
733,1216687,1216741,3020620,3020674,54,1227779
734,1216744,1216936,1216775,1216967,192,3031543
735,1216744,1216905,1216806,1216967,161,3031543
736,1216744,1216874,1216837,1216967,130,3031543
737,1216744,1216871,1343523,1343650,127,126652
738,1216744,1216840,1343554,1343650,96,126714
739,1216744,1216809,1343585,1343650,65,126776
740,1216744,1216882,1415205,1415343,138,198323
741,1216744,1216851,1415236,1415343,107,198385
742,1216744,1216820,1415267,1415343,76,198447
743,1216744,1216840,1415360,1415456,96,198520
744,1216744,1216809,1415391,1415456,65,198582
745,1216744,1216809,1834534,1834599,65,617725
746,1216744,1216967,1842380,1842603,223,625413
747,1216744,1216962,1842411,1842629,218,625449
748,1216744,1216931,1842442,1842629,187,625511
749,1216744,1216900,1842473,1842629,156,625573
750,1216744,1216869,1842504,1842629,125,625635
751,1216744,1216838,1842535,1842629,94,625697
752,1216744,1216807,1842566,1842629,63,625759
753,1216744,1216871,1961455,1961582,127,744584
754,1216744,1216840,1961486,1961582,96,744646
755,1216744,1216809,1961517,1961582,65,744708
756,1216744,1216809,2554772,2554837,65,1337963
757,1216744,1216942,2583382,2583580,198,1366440
758,1216744,1216911,2583413,2583580,167,1366502
759,1216744,1216880,2583444,2583580,136,1366564
760,1216744,1216849,2583475,2583580,105,1366626
761,1216744,1216818,2583506,2583580,74,1366688
762,1216744,1216933,2583744,2583933,189,1366811
763,1216744,1216902,2583775,2583933,158,1366873
764,1216744,1216871,2583806,2583933,127,1366935
765,1216744,1216840,2583837,2583933,96,1366997
766,1216744,1216809,2583868,2583933,65,1367059
767,1216744,1216964,2737106,2737326,220,1511184
768,1216744,1216933,2737137,2737326,189,1511184
769,1216744,1216902,2737168,2737326,158,1511184
770,1216744,1216871,2737199,2737326,127,1511184
771,1216744,1216840,2737230,2737326,96,1511184
772,1216744,1216809,2737261,2737326,65,1511184
773,1216744,1216956,3020342,3020554,212,1227956
774,1216744,1216925,3020373,3020554,181,1227956
775,1216744,1216894,3020404,3020554,150,1227956
776,1216744,1216863,3020435,3020554,119,1227956
777,1216744,1216832,3020466,3020554,88,1227956
778,1216744,1216801,3020497,3020554,57,1227956
779,1216744,1216871,3020559,3020686,127,1227824
780,1216744,1216840,3020590,3020686,96,1227824
781,1216744,1216809,3020621,3020686,65,1227824
782,1216749,1216964,2583718,2583933,215,1366754
783,1216749,1216967,2737080,2737298,218,1511217
784,1216753,1216902,1343501,1343650,149,126599
785,1216753,1216913,1415183,1415343,160,198270
786,1216759,1216871,1415344,1415456,112,198473
787,1216759,1216840,1834518,1834599,81,617678
788,1216759,1216840,2554756,2554837,81,1337916
789,1216759,1216967,3020326,3020534,208,1227991
790,1216762,1216902,1961442,1961582,140,744540
791,1216771,1216902,3020555,3020686,131,1227851
792,1216774,1216967,1842379,1842572,193,625412
793,1216774,1216967,2583381,2583574,193,1366414
794,1216780,1216967,2583718,2583905,187,1366751
795,1216780,1216967,2737080,2737267,187,1511279
796,1216784,1216933,1343501,1343650,149,126568
797,1216784,1216944,1415183,1415343,160,198239
798,1216790,1216902,1415344,1415456,112,198442
799,1216790,1216871,1834518,1834599,81,617647
800,1216790,1216871,2554756,2554837,81,1337885
801,1216790,1216967,3020326,3020503,177,1228053
802,1216793,1216933,1961442,1961582,140,744509
803,1216802,1216933,3020555,3020686,131,1227882
804,1216805,1216967,1842379,1842541,162,625412
805,1216805,1216967,2583381,2583543,162,1366414
806,1216811,1216967,2583718,2583874,156,1366751
807,1216811,1216967,2737080,2737236,156,1511341
808,1216815,1216964,1343501,1343650,149,126537
809,1216815,1216967,1415183,1415335,152,198216
810,1216821,1216933,1415344,1415456,112,198411
811,1216821,1216902,1834518,1834599,81,617616
812,1216821,1216902,2554756,2554837,81,1337854
813,1216821,1216967,3020326,3020472,146,1228115
814,1216824,1216964,1961442,1961582,140,744478
815,1216833,1216964,3020555,3020686,131,1227913
816,1216836,1216967,1842379,1842510,131,625412
817,1216836,1216967,2583381,2583512,131,1366414
818,1216842,1216967,2583718,2583843,125,1366751
819,1216842,1216967,2737080,2737205,125,1511403
820,1216846,1216967,1343501,1343622,121,126534
821,1216846,1216967,1415183,1415304,121,198216
822,1216852,1216964,1415344,1415456,112,198380
823,1216852,1216933,1834518,1834599,81,617585
824,1216852,1216933,2554756,2554837,81,1337823
825,1216852,1216967,3020326,3020441,115,1228177
826,1216855,1216967,1961442,1961554,112,744475
827,1216864,1216967,3020555,3020658,103,1227972
828,1216867,1216967,1842379,1842479,100,625412
829,1216867,1216967,2583381,2583481,100,1366414
830,1216873,1216967,2583718,2583812,94,1366751
831,1216873,1216967,2737080,2737174,94,1511465
832,1216877,1216967,1343501,1343591,90,126534
833,1216877,1216967,1415183,1415273,90,198216
834,1216883,1216967,1415344,1415428,84,198377
835,1216883,1216964,1834518,1834599,81,617554
836,1216883,1216964,2554756,2554837,81,1337792
837,1216883,1216967,3020326,3020410,84,1228239
838,1216886,1216967,1961442,1961523,81,744475
839,1216895,1216967,3020555,3020627,72,1228034
840,1216898,1216967,1842379,1842448,69,625412
841,1216898,1216967,2583381,2583450,69,1366414
842,1216904,1216967,2583718,2583781,63,1366751
843,1216904,1216967,2737080,2737143,63,1511527
844,1216908,1216967,1343501,1343560,59,126534
845,1216908,1216967,1415183,1415242,59,198216
846,1216914,1216967,1415344,1415397,53,198377
847,1216914,1216967,1834518,1834571,53,617551
848,1216914,1216967,2554756,2554809,53,1337789
849,1216914,1216967,3020326,3020379,53,1228301
850,1216917,1216967,1961442,1961492,50,744475
851,1229612,1229676,2809727,2809791,64,1451587
852,1230245,1230316,1885123,1885194,71,654807
853,1230248,1230326,1884856,1884934,78,654530
854,1230249,1230312,2886438,2886501,63,1375514
855,1230249,1230312,2886499,2886562,63,1375453
856,1230249,1230312,2886560,2886623,63,1375392
857,1230249,1230312,2892267,2892330,63,1369685
858,1230255,1230312,1636075,1636132,57,405763
859,1230255,1230312,1872054,1872111,57,641742
860,1230255,1230312,2064060,2064117,57,833748
861,1230255,1230312,2996171,2996228,57,1265793
862,1258453,1258642,2082718,2082907,189,824076
863,1258638,1258807,2082905,2083074,169,824098
864,1258853,1259278,2083125,2083550,425,823847
865,1285997,1286073,1602988,1603064,76,316915
866,1285999,1286073,1896807,1896881,74,610734
867,1286005,1286073,1573006,1573074,68,286933
868,1286005,1286074,1893770,1893839,69,607696
869,1286005,1286065,2732148,2732208,60,1446083
870,1286006,1286073,1556251,1556318,67,270178
871,1286008,1286066,2073870,2073928,58,787804
872,1286009,1286066,1343461,1343518,57,57395
873,1286009,1286066,1415143,1415200,57,129077
874,1286009,1286066,1431294,1431351,57,145228
875,1286009,1286066,2657405,2657462,57,1371339
876,1286009,1286072,2770543,2770606,63,1484471
877,1286009,1286072,2884040,2884103,63,1433672
878,1286009,1286072,2884101,2884164,63,1433611
879,1286009,1286072,2884162,2884225,63,1433550
880,1286015,1286073,2927881,2927939,58,1389842
881,1294486,1294583,2492306,2492403,97,1197723
882,1295915,1296001,2241017,2241103,86,945016
883,1296001,1296062,1987968,1988029,61,691906
884,1296100,1296258,2241239,2241397,158,944981
885,1343460,1343526,1431293,1431359,66,87767
886,1343460,1343524,2657404,2657468,64,1313880
887,1343461,1343650,1415143,1415332,189,71493
888,1343461,1343518,1556254,1556311,57,212736
889,1343461,1343518,1573010,1573067,57,229492
890,1343461,1343518,1603000,1603057,57,259482
891,1343461,1343518,1893774,1893831,57,550256
892,1343461,1343518,1896817,1896874,57,553299
893,1343461,1343523,2073871,2073933,62,730348
894,1343461,1343517,2732152,2732208,56,1388635
895,1343461,1343518,2770543,2770600,57,1427025
896,1343461,1343518,2884040,2884097,57,1491130
897,1343461,1343518,2884101,2884158,57,1491069
898,1343461,1343518,2884162,2884219,57,1491008
899,1343467,1343518,2927881,2927932,51,1447301
900,1343501,1343619,1343532,1343650,118,3031617
901,1343501,1343588,1343563,1343650,87,3031617
902,1343501,1343630,1415214,1415343,129,71584
903,1343501,1343599,1415245,1415343,98,71646
904,1343501,1343568,1415276,1415343,67,71708
905,1343501,1343588,1415369,1415456,87,71781
906,1343501,1343557,1415400,1415456,56,71843
907,1343501,1343557,1834543,1834599,56,490986
908,1343501,1343650,1842389,1842538,149,498739
909,1343501,1343650,1842420,1842569,149,498770
910,1343501,1343650,1842451,1842600,149,498801
911,1343501,1343648,1842482,1842629,147,498834
912,1343501,1343617,1842513,1842629,116,498896
913,1343501,1343586,1842544,1842629,85,498958
914,1343501,1343555,1842575,1842629,54,499020
915,1343501,1343619,1961464,1961582,118,617845
916,1343501,1343588,1961495,1961582,87,617907
917,1343501,1343557,1961526,1961582,56,617969
918,1343501,1343557,2554781,2554837,56,1211224
919,1343501,1343650,2583391,2583540,149,1239741
920,1343501,1343650,2583422,2583571,149,1239772
921,1343501,1343628,2583453,2583580,127,1239825
922,1343501,1343597,2583484,2583580,96,1239887
923,1343501,1343566,2583515,2583580,65,1239949
924,1343501,1343650,2583722,2583871,149,1240072
925,1343501,1343650,2583753,2583902,149,1240103
926,1343501,1343650,2583784,2583933,149,1240134
927,1343501,1343619,2583815,2583933,118,1240196
928,1343501,1343588,2583846,2583933,87,1240258
929,1343501,1343557,2583877,2583933,56,1240320
930,1343501,1343650,2737084,2737233,149,1393434
931,1343501,1343650,2737115,2737264,149,1393465
932,1343501,1343650,2737146,2737295,149,1393496
933,1343501,1343650,2737177,2737326,149,1393527
934,1343501,1343619,2737208,2737326,118,1393589
935,1343501,1343588,2737239,2737326,87,1393651
936,1343501,1343557,2737270,2737326,56,1393713
937,1343501,1343650,3020351,3020500,149,1354767
938,1343501,1343650,3020382,3020531,149,1354736
939,1343501,1343642,3020413,3020554,141,1354713
940,1343501,1343611,3020444,3020554,110,1354713
941,1343501,1343580,3020475,3020554,79,1354713
942,1343501,1343619,3020568,3020686,118,1354581
943,1343501,1343588,3020599,3020686,87,1354581
944,1343501,1343557,3020630,3020686,56,1354581
945,1343507,1343619,1415344,1415456,112,71725
946,1343507,1343588,1834518,1834599,81,490930
947,1343507,1343588,2554756,2554837,81,1211168
948,1343507,1343650,3020326,3020469,143,1354804
949,1343510,1343650,1961442,1961582,140,617792
950,1343519,1343650,3020555,3020686,131,1354599
951,1343522,1343650,1842379,1842507,128,498729
952,1343522,1343650,2583381,2583509,128,1239731
953,1343528,1343650,2583718,2583840,122,1240068
954,1343528,1343650,2737080,2737202,122,1393430
955,1343532,1343650,1415183,1415301,118,71533
956,1343538,1343650,1415344,1415456,112,71694
957,1343538,1343619,1834518,1834599,81,490899
958,1343538,1343619,2554756,2554837,81,1211137
959,1343538,1343650,3020326,3020438,112,1354866
960,1343541,1343650,1961442,1961551,109,617792
961,1343550,1343650,3020555,3020655,100,1354661
962,1343553,1343650,1842379,1842476,97,498729
963,1343553,1343650,2583381,2583478,97,1239731
964,1343559,1343650,2583718,2583809,91,1240068
965,1343559,1343650,2737080,2737171,91,1393430
966,1343563,1343650,1415183,1415270,87,71533
967,1343569,1343650,1415344,1415425,81,71694
968,1343569,1343650,1834518,1834599,81,490868
969,1343569,1343651,2554756,2554838,82,1211105
970,1343569,1343650,3020326,3020407,81,1354928
971,1343572,1343650,1961442,1961520,78,617792
972,1343581,1343650,3020555,3020624,69,1354723
973,1343584,1343650,1842379,1842445,66,498729
974,1343584,1343650,2583381,2583447,66,1239731
975,1343590,1343650,2583718,2583778,60,1240068
976,1343590,1343650,2737080,2737140,60,1393430
977,1343594,1343650,1415183,1415239,56,71533
978,1343600,1343650,1415344,1415394,50,71694
979,1343600,1343650,1834518,1834568,50,490868
980,1343600,1343650,2554756,2554806,50,1211106
981,1343600,1343650,3020326,3020376,50,1354990
982,1351712,1351764,2754254,2754306,52,1402490
983,1404332,1404471,2824133,2824272,139,1419662
984,1415129,1415192,2151215,2151278,63,736023
985,1415142,1415200,2770542,2770600,58,1355342
986,1415142,1415200,2884039,2884097,58,1468839
987,1415142,1415200,2884100,2884158,58,1468900
988,1415142,1415200,2884161,2884219,58,1468961
989,1415143,1415208,1431294,1431359,65,16086
990,1415143,1415200,1556254,1556311,57,141054
991,1415143,1415200,1573010,1573067,57,157810
992,1415143,1415200,1603000,1603057,57,187800
993,1415143,1415200,1893774,1893831,57,478574
994,1415143,1415200,1896817,1896874,57,481617
995,1415143,1415205,2073871,2073933,62,658666
996,1415143,1415206,2657405,2657468,63,1242199
997,1415143,1415199,2732152,2732208,56,1316953
998,1415149,1415200,2927881,2927932,51,1512681
999,1415183,1415312,1415214,1415343,129,3031606
1000,1415183,1415281,1415245,1415343,98,3031606
1001,1415183,1415239,1834543,1834599,56,419304
1002,1415183,1415343,1842389,1842549,160,427046
1003,1415183,1415343,1842420,1842580,160,427077
1004,1415183,1415343,1842451,1842611,160,427108
1005,1415183,1415330,1842482,1842629,147,427152
1006,1415183,1415299,1842513,1842629,116,427214
1007,1415183,1415268,1842544,1842629,85,427276
1008,1415183,1415237,1842575,1842629,54,427338
1009,1415183,1415301,1961464,1961582,118,546163
1010,1415183,1415270,1961495,1961582,87,546225
1011,1415183,1415239,1961526,1961582,56,546287
1012,1415183,1415239,2554781,2554837,56,1139542
1013,1415183,1415343,2583391,2583551,160,1168048
1014,1415183,1415341,2583422,2583580,158,1168081
1015,1415183,1415310,2583453,2583580,127,1168143
1016,1415183,1415279,2583484,2583580,96,1168205
1017,1415183,1415248,2583515,2583580,65,1168267
1018,1415183,1415343,2583722,2583882,160,1168379
1019,1415183,1415343,2583753,2583913,160,1168410
1020,1415183,1415332,2583784,2583933,149,1168452
1021,1415183,1415301,2583815,2583933,118,1168514
1022,1415183,1415270,2583846,2583933,87,1168576
1023,1415183,1415239,2583877,2583933,56,1168638
1024,1415183,1415343,2737084,2737244,160,1321741
1025,1415183,1415343,2737115,2737275,160,1321772
1026,1415183,1415343,2737146,2737306,160,1321803
1027,1415183,1415332,2737177,2737326,149,1321845
1028,1415183,1415301,2737208,2737326,118,1321907
1029,1415183,1415270,2737239,2737326,87,1321969
1030,1415183,1415239,2737270,2737326,56,1322031
1031,1415183,1415343,3020351,3020511,160,1426438
1032,1415183,1415343,3020382,3020542,160,1426407
1033,1415183,1415324,3020413,3020554,141,1426395
1034,1415183,1415293,3020444,3020554,110,1426395
1035,1415183,1415262,3020475,3020554,79,1426395
1036,1415183,1415301,3020568,3020686,118,1426263
1037,1415183,1415270,3020599,3020686,87,1426263
1038,1415183,1415239,3020630,3020686,56,1426263
1039,1415189,1415270,1834518,1834599,81,419248
1040,1415189,1415270,2554756,2554837,81,1139486
1041,1415189,1415343,3020326,3020480,154,1426475
1042,1415192,1415332,1961442,1961582,140,546110
1043,1415201,1415332,3020555,3020686,131,1426281
1044,1415204,1415343,1842379,1842518,139,427036
1045,1415204,1415343,2583381,2583520,139,1168038
1046,1415210,1415343,2583718,2583851,133,1168375
1047,1415210,1415343,2737080,2737213,133,1321737
1048,1415220,1415301,1834518,1834599,81,419217
1049,1415220,1415301,2554756,2554837,81,1139455
1050,1415220,1415343,3020326,3020449,123,1426537
1051,1415223,1415343,1961442,1961562,120,546099
1052,1415232,1415343,3020555,3020666,111,1426332
1053,1415235,1415343,1842379,1842487,108,427036
1054,1415235,1415343,2583381,2583489,108,1168038
1055,1415241,1415343,2583718,2583820,102,1168375
1056,1415241,1415343,2737080,2737182,102,1321737
1057,1415251,1415332,1834518,1834599,81,419186
1058,1415251,1415332,2554756,2554837,81,1139424
1059,1415251,1415343,3020326,3020418,92,1426599
1060,1415254,1415343,1961442,1961531,89,546099
1061,1415263,1415343,3020555,3020635,80,1426394
1062,1415266,1415343,1842379,1842456,77,427036
1063,1415266,1415343,2583381,2583458,77,1168038
1064,1415272,1415343,2583718,2583789,71,1168375
1065,1415272,1415343,2737080,2737151,71,1321737
1066,1415282,1415343,1834518,1834579,61,419175
1067,1415282,1415343,2554756,2554817,61,1139413
1068,1415282,1415343,3020326,3020387,61,1426661
1069,1415285,1415343,1961442,1961500,58,546099
1070,1415343,1415425,1834517,1834599,82,419092
1071,1415343,1415425,2554755,2554837,82,1139330
1072,1415343,1415456,3020325,3020438,113,1426671
1073,1415344,1415425,1415375,1415456,81,3031654
1074,1415344,1415394,1834549,1834599,50,419155
1075,1415344,1415456,1842395,1842507,112,426939
1076,1415344,1415456,1842426,1842538,112,426970
1077,1415344,1415456,1842457,1842569,112,427001
1078,1415344,1415456,1842488,1842600,112,427032
1079,1415344,1415454,1842519,1842629,110,427065
1080,1415344,1415423,1842550,1842629,79,427127
1081,1415344,1415458,1961470,1961584,114,546012
1082,1415344,1415425,1961501,1961582,81,546076
1083,1415344,1415394,1961532,1961582,50,546138
1084,1415344,1415394,2554787,2554837,50,1139393
1085,1415344,1415456,2583397,2583509,112,1167941
1086,1415344,1415456,2583428,2583540,112,1167972
1087,1415344,1415456,2583459,2583571,112,1168003
1088,1415344,1415434,2583490,2583580,90,1168056
1089,1415344,1415403,2583521,2583580,59,1168118
1090,1415344,1415456,2583728,2583840,112,1168272
1091,1415344,1415456,2583759,2583871,112,1168303
1092,1415344,1415456,2583790,2583902,112,1168334
1093,1415344,1415456,2583821,2583933,112,1168365
1094,1415344,1415425,2583852,2583933,81,1168427
1095,1415344,1415394,2583883,2583933,50,1168489
1096,1415344,1415456,2737090,2737202,112,1321634
1097,1415344,1415456,2737121,2737233,112,1321665
1098,1415344,1415456,2737152,2737264,112,1321696
1099,1415344,1415456,2737183,2737295,112,1321727
1100,1415344,1415456,2737214,2737326,112,1321758
1101,1415344,1415425,2737245,2737326,81,1321820
1102,1415344,1415394,2737276,2737326,50,1321882
1103,1415344,1415456,3020357,3020469,112,1426641
1104,1415344,1415456,3020388,3020500,112,1426610
1105,1415344,1415456,3020419,3020531,112,1426579
1106,1415344,1415448,3020450,3020554,104,1426556
1107,1415344,1415417,3020481,3020554,73,1426556
1108,1415344,1415458,3020574,3020688,114,1426422
1109,1415344,1415425,3020605,3020686,81,1426424
1110,1415344,1415394,3020636,3020686,50,1426424
1111,1415347,1415456,1961442,1961551,109,545986
1112,1415356,1415456,3020555,3020655,100,1426467
1113,1415359,1415456,1842379,1842476,97,426923
1114,1415359,1415456,2583381,2583478,97,1167925
1115,1415365,1415456,2583718,2583809,91,1168262
1116,1415365,1415456,2737080,2737171,91,1321624
1117,1415375,1415458,1834518,1834601,83,419060
1118,1415375,1415456,2554756,2554837,81,1139300
1119,1415375,1415456,3020326,3020407,81,1426734
1120,1415378,1415456,1961442,1961520,78,545986
1121,1415387,1415456,3020555,3020624,69,1426529
1122,1415390,1415456,1842379,1842445,66,426923
1123,1415390,1415456,2583381,2583447,66,1167925
1124,1415396,1415456,2583718,2583778,60,1168262
1125,1415396,1415456,2737080,2737140,60,1321624
1126,1415406,1415456,1834518,1834568,50,419062
1127,1415406,1415456,2554756,2554806,50,1139300
1128,1415406,1415456,3020326,3020376,50,1426796
1129,1431293,1431357,2657404,2657468,64,1226047
1130,1431294,1431351,1556254,1556311,57,124903
1131,1431294,1431351,1573010,1573067,57,141659
1132,1431294,1431351,1603000,1603057,57,171649
1133,1431294,1431351,1893774,1893831,57,462423
1134,1431294,1431351,1896817,1896874,57,465466
1135,1431294,1431356,2073871,2073933,62,642515
1136,1431294,1431350,2732152,2732208,56,1300802
1137,1431294,1431351,2770543,2770600,57,1339192
1138,1431294,1431351,2884040,2884097,57,1452689
1139,1431294,1431351,2884101,2884158,57,1452750
1140,1431294,1431351,2884162,2884219,57,1452811
1141,1431300,1431351,2927881,2927932,51,1496530
1142,1441992,1442053,2508369,2508430,61,1066316
1143,1443964,1444081,2282785,2282902,117,838704
1144,1458454,1459023,1573050,1573619,569,114027
1145,1511337,1511417,2605277,2605357,80,1093860
1146,1511426,1511594,2605371,2605539,168,1093777
1147,1516281,1516349,2124518,2124586,68,608169
1148,1518783,1518845,2124529,2124591,62,605684
1149,1556251,1556329,1573007,1573085,78,16678
1150,1556251,1556319,1602997,1603065,68,46678
1151,1556251,1556318,1893771,1893838,67,337453
1152,1556251,1556319,1896814,1896882,68,340495
1153,1556251,1556310,2732149,2732208,59,1175839
1154,1556253,1556311,2073870,2073928,58,517559
1155,1556254,1556311,2657405,2657462,57,1101094
1156,1556254,1556317,2770543,2770606,63,1214226
1157,1556254,1556317,2884040,2884103,63,1327723
1158,1556254,1556317,2884101,2884164,63,1327784
1159,1556254,1556317,2884162,2884225,63,1327845
1160,1556260,1556318,2927881,2927939,58,1371563
1161,1573001,1573066,2732143,2732208,65,1159077
1162,1573004,1573074,1893768,1893838,70,320694
1163,1573006,1573075,1602996,1603065,69,29921
1164,1573006,1573075,1896813,1896882,69,323738
1165,1573009,1573067,2073870,2073928,58,500803
1166,1573010,1573067,2657405,2657462,57,1084338
1167,1573010,1573073,2770543,2770606,63,1197470
1168,1573010,1573073,2884040,2884103,63,1310967
1169,1573010,1573073,2884101,2884164,63,1311028
1170,1573010,1573073,2884162,2884225,63,1311089
1171,1573016,1573074,2927881,2927939,58,1354807
1172,1602990,1603067,1896807,1896884,77,293740
1173,1602996,1603064,1893770,1893838,68,290706
1174,1602996,1603056,2732148,2732208,60,1129092
1175,1602999,1603057,2073870,2073928,58,470813
1176,1603000,1603057,2657405,2657462,57,1054348
1177,1603000,1603063,2770543,2770606,63,1167480
1178,1603000,1603063,2884040,2884103,63,1280977
1179,1603000,1603063,2884101,2884164,63,1281038
1180,1603000,1603063,2884162,2884225,63,1281099
1181,1603006,1603064,2927881,2927939,58,1324817
1182,1636067,1636135,1872046,1872114,68,235911
1183,1636070,1636133,2064055,2064118,63,427922
1184,1636070,1636133,2996166,2996229,63,1360033
1185,1636075,1636132,1884863,1884920,57,248731
1186,1636075,1636132,1885133,1885190,57,249001
1187,1636075,1636132,2886444,2886501,57,1250312
1188,1636075,1636132,2886505,2886562,57,1250373
1189,1636075,1636132,2886566,2886623,57,1250434
1190,1636075,1636133,2892273,2892331,58,1256140
1191,1681616,1681671,1874649,1874704,55,192978
1192,1682480,1682542,1682521,1682583,62,3031663
1193,1691905,1691971,1826714,1826780,66,134743
1194,1691905,1691971,1826745,1826811,66,134774
1195,1691905,1691971,1826776,1826842,66,134805
1196,1691905,1691971,1826807,1826873,66,134836
1197,1691905,1691971,1826838,1826904,66,134867
1198,1691905,1691971,1826869,1826935,66,134898
1199,1691905,1691971,1826962,1827028,66,134991
1200,1691905,1691973,1826993,1827061,68,135020
1201,1691905,1691971,1837430,1837496,66,145459
1202,1691905,1691971,1837461,1837527,66,145490
1203,1691905,1691971,1972470,1972536,66,280499
1204,1691905,1691971,1972501,1972567,66,280530
1205,1691905,1691971,1972532,1972598,66,280561
1206,1691905,1691955,1972563,1972613,50,280608
1207,1691905,1691971,1972625,1972691,66,280654
1208,1691905,1691971,1972656,1972722,66,280685
1209,1691905,1691971,1972687,1972753,66,280716
1210,1691905,1691973,1972718,1972786,68,280745
1211,1691905,1691971,2943982,2944048,66,1252011
1212,1691905,1691971,2944013,2944079,66,1252042
1213,1691905,1691971,2944044,2944110,66,1252073
1214,1691906,1691971,1826684,1826749,65,134713
1215,1691913,1691971,1826939,1826997,58,134968
1216,1718373,1718423,2879024,2879074,50,1160601
1217,1826684,1826907,1826715,1826938,223,3031512
1218,1826684,1826876,1826746,1826938,192,3031512
1219,1826684,1826845,1826777,1826938,161,3031512
1220,1826684,1826814,1826808,1826938,130,3031512
1221,1826684,1826783,1837431,1837530,99,10648
1222,1826684,1826752,1837462,1837530,68,10710
1223,1826684,1826826,1972471,1972613,142,145645
1224,1826684,1826795,1972502,1972613,111,145707
1225,1826684,1826764,1972533,1972613,80,145769
1226,1826684,1826842,1972626,1972784,158,145784
1227,1826684,1826811,1972657,1972784,127,145846
1228,1826684,1826780,1972688,1972784,96,145908
1229,1826684,1826749,1972719,1972784,65,145970
1230,1826684,1826811,2943983,2944110,127,1117172
1231,1826684,1826780,2944014,2944110,96,1117234
1232,1826684,1826749,2944045,2944110,65,1117296
1233,1826703,1826873,1972614,1972784,170,145741
1234,1826713,1826857,1972469,1972613,144,145612
1235,1826713,1826842,2943981,2944110,129,1117139
1236,1826714,1826814,1837430,1837530,100,10616
1237,1826734,1826904,1972614,1972784,170,145710
1238,1826744,1826888,1972469,1972613,144,145581
1239,1826744,1826873,2943981,2944110,129,1117108
1240,1826745,1826845,1837430,1837530,100,10585
1241,1826765,1826935,1972614,1972784,170,145679
1242,1826775,1826919,1972469,1972613,144,145550
1243,1826775,1826904,2943981,2944110,129,1117077
1244,1826776,1826876,1837430,1837530,100,10554
1245,1826796,1826938,1972614,1972756,142,145676
1246,1826806,1826938,1972469,1972601,132,145531
1247,1826806,1826935,2943981,2944110,129,1117046
1248,1826807,1826907,1837430,1837530,100,10523
1249,1826827,1826938,1972614,1972725,111,145676
1250,1826837,1826938,1972469,1972570,101,145531
1251,1826837,1826938,2943981,2944082,101,1117043
1252,1826838,1826950,1837430,1837542,112,10480
1253,1826858,1826938,1972614,1972694,80,145676
1254,1826868,1826938,1972469,1972539,70,145531
1255,1826868,1826938,2943981,2944051,70,1117043
1256,1826869,1826938,1837430,1837499,69,10492
1257,1826908,1826969,2892057,2892118,61,1065088
1258,1826908,1826969,2892088,2892149,61,1065119
1259,1826908,1826969,2892119,2892180,61,1065150
1260,1826908,1826969,2892150,2892211,61,1065181
1261,1826918,1826969,2892221,2892272,51,1065252
1262,1826939,1827028,1826970,1827059,89,3031646
1263,1826939,1827031,1837438,1837530,92,10407
1264,1826939,1827000,1837469,1837530,61,10469
1265,1826939,1827059,1972478,1972598,120,145419
1266,1826939,1827043,1972509,1972613,104,145466
1267,1826939,1827012,1972540,1972613,73,145528
1268,1826939,1827059,1972633,1972753,120,145574
1269,1826939,1827061,1972664,1972786,122,145603
1270,1826939,1827028,1972695,1972784,89,145667
1271,1826939,1826997,1972726,1972784,58,145729
1272,1826939,1827059,2943990,2944110,120,1116931
1273,1826939,1827028,2944021,2944110,89,1116993
1274,1826939,1826997,2944052,2944110,58,1117055
1275,1826951,1827059,1972614,1972722,108,145555
1276,1826961,1827059,1972469,1972567,98,145410
1277,1826961,1827059,2943981,2944079,98,1116922
1278,1826962,1827059,1837430,1837527,97,10371
1279,1826982,1827059,1972614,1972691,77,145555
1280,1826992,1827059,1972469,1972536,67,145410
1281,1826992,1827059,2943981,2944048,67,1116922
1282,1826993,1827059,1837430,1837496,66,10371
1283,1834502,1834599,2554740,2554837,97,720141
1284,1834502,1834599,3020310,3020407,97,1185711
1285,1834518,1834568,1834549,1834599,50,3031685
1286,1834518,1834599,1842395,1842476,81,7796
1287,1834518,1834599,1842426,1842507,81,7827
1288,1834518,1834599,1842457,1842538,81,7858
1289,1834518,1834599,1842488,1842569,81,7889
1290,1834518,1834599,1842519,1842600,81,7920
1291,1834518,1834597,1842550,1842629,79,7953
1292,1834518,1834599,1961470,1961551,81,126871
1293,1834518,1834601,1961501,1961584,83,126900
1294,1834518,1834568,1961532,1961582,50,126964
1295,1834518,1834568,2554787,2554837,50,720219
1296,1834518,1834599,2583397,2583478,81,748798
1297,1834518,1834599,2583428,2583509,81,748829
1298,1834518,1834599,2583459,2583540,81,748860
1299,1834518,1834599,2583490,2583571,81,748891
1300,1834518,1834577,2583521,2583580,59,748944
1301,1834518,1834599,2583728,2583809,81,749129
1302,1834518,1834599,2583759,2583840,81,749160
1303,1834518,1834599,2583790,2583871,81,749191
1304,1834518,1834599,2583821,2583902,81,749222
1305,1834518,1834599,2583852,2583933,81,749253
1306,1834518,1834568,2583883,2583933,50,749315
1307,1834518,1834599,2737090,2737171,81,902491
1308,1834518,1834599,2737121,2737202,81,902522
1309,1834518,1834599,2737152,2737233,81,902553
1310,1834518,1834599,2737183,2737264,81,902584
1311,1834518,1834599,2737214,2737295,81,902615
1312,1834518,1834599,2737245,2737326,81,902646
1313,1834518,1834568,2737276,2737326,50,902708
1314,1834518,1834599,3020357,3020438,81,1185758
1315,1834518,1834599,3020388,3020469,81,1185789
1316,1834518,1834599,3020419,3020500,81,1185820
1317,1834518,1834599,3020450,3020531,81,1185851
1318,1834518,1834591,3020481,3020554,73,1185890
1319,1834518,1834599,3020574,3020655,81,1185975
1320,1834518,1834601,3020605,3020688,83,1186004
1321,1834518,1834568,3020636,3020686,50,1186068
1322,1834521,1834599,1961442,1961520,78,126843
1323,1834530,1834599,3020555,3020624,69,1185956
1324,1834533,1834599,1842379,1842445,66,7780
1325,1834533,1834599,2583381,2583447,66,748782
1326,1834539,1834599,2583718,2583778,60,749119
1327,1834539,1834599,2737080,2737140,60,902481
1328,1834549,1834599,2554756,2554806,50,720157
1329,1834549,1834599,3020326,3020376,50,1185727
1330,1837430,1837499,1837461,1837530,69,3031666
1331,1837430,1837530,1972470,1972570,100,134940
1332,1837430,1837530,1972501,1972601,100,134971
1333,1837430,1837511,1972532,1972613,81,135021
1334,1837430,1837480,1972563,1972613,50,135083
1335,1837430,1837530,1972625,1972725,100,135095
1336,1837430,1837530,1972656,1972756,100,135126
1337,1837430,1837527,1972687,1972784,97,135160
1338,1837430,1837496,1972718,1972784,66,135222
1339,1837430,1837530,2943982,2944082,100,1106452
1340,1837430,1837527,2944013,2944110,97,1106486
1341,1837430,1837496,2944044,2944110,66,1106548
1342,1837450,1837530,1972614,1972694,80,135084
1343,1837460,1837530,1972469,1972539,70,134939
1344,1837460,1837530,2943981,2944051,70,1106451
1345,1841885,1841974,3028301,3028390,89,1186327
1346,1842379,1842598,1842410,1842629,219,3031516
1347,1842379,1842567,1842441,1842629,188,3031516
1348,1842379,1842536,1842472,1842629,157,3031516
1349,1842379,1842505,1842503,1842629,126,3031516
1350,1842379,1842507,1961454,1961582,128,118947
1351,1842379,1842476,1961485,1961582,97,119009
1352,1842379,1842445,1961516,1961582,66,119071
1353,1842379,1842445,2554771,2554837,66,712326
1354,1842379,1842578,2583381,2583580,199,740803
1355,1842379,1842547,2583412,2583580,168,740865
1356,1842379,1842516,2583443,2583580,137,740927
1357,1842379,1842485,2583474,2583580,106,740989
1358,1842379,1842454,2583505,2583580,75,741051
1359,1842379,1842569,2583743,2583933,190,741174
1360,1842379,1842538,2583774,2583933,159,741236
1361,1842379,1842507,2583805,2583933,128,741298
1362,1842379,1842476,2583836,2583933,97,741360
1363,1842379,1842445,2583867,2583933,66,741422
1364,1842379,1842600,2737105,2737326,221,894505
1365,1842379,1842569,2737136,2737326,190,894567
1366,1842379,1842538,2737167,2737326,159,894629
1367,1842379,1842507,2737198,2737326,128,894691
1368,1842379,1842476,2737229,2737326,97,894753
1369,1842379,1842445,2737260,2737326,66,894815
1370,1842379,1842592,3020341,3020554,213,1177749
1371,1842379,1842561,3020372,3020554,182,1177811
1372,1842379,1842530,3020403,3020554,151,1177873
1373,1842379,1842499,3020434,3020554,120,1177935
1374,1842379,1842468,3020465,3020554,89,1177997
1375,1842379,1842437,3020496,3020554,58,1178059
1376,1842379,1842507,3020558,3020686,128,1178051
1377,1842379,1842476,3020589,3020686,97,1178113
1378,1842379,1842445,3020620,3020686,66,1178175
1379,1842385,1842600,2583718,2583933,215,741118
1380,1842385,1842629,2737080,2737324,244,894451
1381,1842395,1842476,2554756,2554837,81,712280
1382,1842395,1842623,3020326,3020554,228,1177703
1383,1842398,1842538,1961442,1961582,140,118904
1384,1842407,1842538,3020555,3020686,131,1178017
1385,1842410,1842609,2583381,2583580,199,740772
1386,1842416,1842629,2583718,2583931,213,741089
1387,1842416,1842629,2737080,2737293,213,894451
1388,1842426,1842507,2554756,2554837,81,712249
1389,1842426,1842629,3020326,3020529,203,1177697
1390,1842429,1842569,1961442,1961582,140,118873
1391,1842438,1842569,3020555,3020686,131,1177986
1392,1842441,1842629,2583381,2583569,188,740752
1393,1842447,1842629,2583718,2583900,182,741089
1394,1842447,1842629,2737080,2737262,182,894451
1395,1842457,1842538,2554756,2554837,81,712218
1396,1842457,1842629,3020326,3020498,172,1177697
1397,1842460,1842600,1961442,1961582,140,118842
1398,1842469,1842600,3020555,3020686,131,1177955
1399,1842472,1842629,2583381,2583538,157,740752
1400,1842478,1842629,2583718,2583869,151,741089
1401,1842478,1842629,2737080,2737231,151,894451
1402,1842488,1842569,2554756,2554837,81,712187
1403,1842488,1842629,3020326,3020467,141,1177697
1404,1842491,1842629,1961442,1961580,138,118813
1405,1842500,1842629,3020555,3020684,129,1177926
1406,1842503,1842629,2583381,2583507,126,740752
1407,1842509,1842629,2583718,2583838,120,741089
1408,1842509,1842629,2737080,2737200,120,894451
1409,1842519,1842600,2554756,2554837,81,712156
1410,1842519,1842629,3020326,3020436,110,1177697
1411,1842522,1842629,1961442,1961549,107,118813
1412,1842531,1842629,3020555,3020653,98,1177926
1413,1842534,1842629,2583381,2583476,95,740752
1414,1842540,1842629,2583718,2583807,89,741089
1415,1842540,1842629,2737080,2737169,89,894451
1416,1842550,1842629,2554756,2554835,79,712127
1417,1842550,1842629,3020326,3020405,79,1177697
1418,1842553,1842629,1961442,1961518,76,118813
1419,1842562,1842629,3020555,3020622,67,1177926
1420,1842565,1842629,2583381,2583445,64,740752
1421,1842571,1842629,2583718,2583776,58,741089
1422,1842571,1842629,2737080,2737138,58,894451
1423,1872049,1872112,2064055,2064118,63,191943
1424,1872049,1872112,2996166,2996229,63,1124054
1425,1872054,1872111,1884863,1884920,57,12752
1426,1872054,1872111,1885133,1885190,57,13022
1427,1872054,1872111,2886444,2886501,57,1014333
1428,1872054,1872111,2886505,2886562,57,1014394
1429,1872054,1872111,2886566,2886623,57,1014455
1430,1872054,1872112,2892273,2892331,58,1020161
1431,1884552,1884647,2037797,2037892,95,153150
1432,1884857,1884920,2886438,2886501,63,1001518
1433,1884857,1884920,2886499,2886562,63,1001579
1434,1884857,1884920,2886560,2886623,63,1001640
1435,1884857,1884920,2892267,2892330,63,1007347
1436,1884863,1884920,2064060,2064117,57,179140
1437,1884863,1884920,2996171,2996228,57,1111251
1438,1885127,1885190,2886438,2886501,63,1001248
1439,1885127,1885190,2886499,2886562,63,1001309
1440,1885127,1885190,2886560,2886623,63,1001370
1441,1885127,1885190,2892267,2892330,63,1007077
1442,1885133,1885190,2064060,2064117,57,178870
1443,1885133,1885190,2996171,2996228,57,1110981
1444,1893768,1893830,2732146,2732208,62,838316
1445,1893773,1893831,2073870,2073928,58,180039
1446,1893774,1893831,2657405,2657462,57,763574
1447,1893774,1893837,2770543,2770606,63,876706
1448,1893774,1893837,2884040,2884103,63,990203
1449,1893774,1893837,2884101,2884164,63,990264
1450,1893774,1893837,2884162,2884225,63,990325
1451,1893780,1893838,2927881,2927939,58,1034043
1452,1896813,1896873,2732148,2732208,60,835275
1453,1896816,1896874,2073870,2073928,58,176996
1454,1896817,1896874,2657405,2657462,57,760531
1455,1896817,1896880,2770543,2770606,63,873663
1456,1896817,1896880,2884040,2884103,63,987160
1457,1896817,1896880,2884101,2884164,63,987221
1458,1896817,1896880,2884162,2884225,63,987282
1459,1896823,1896881,2927881,2927939,58,1031000
1460,1930416,1930491,2892693,2892768,75,962202
1461,1931549,1931944,2788268,2788663,395,856324
1462,1961442,1961551,1961473,1961582,109,3031626
1463,1961442,1961520,1961504,1961582,78,3031626
1464,1961442,1961520,2554759,2554837,78,593239
1465,1961442,1961582,2583400,2583540,140,621818
1466,1961442,1961582,2583431,2583571,140,621849
1467,1961442,1961560,2583462,2583580,118,621902
1468,1961442,1961529,2583493,2583580,87,621964
1469,1961442,1961498,2583524,2583580,56,622026
1470,1961442,1961582,2583731,2583871,140,622149
1471,1961442,1961582,2583762,2583902,140,622180
1472,1961442,1961582,2583793,2583933,140,622211
1473,1961442,1961551,2583824,2583933,109,622273
1474,1961442,1961520,2583855,2583933,78,622335
1475,1961442,1961582,2737093,2737233,140,775511
1476,1961442,1961582,2737124,2737264,140,775542
1477,1961442,1961582,2737155,2737295,140,775573
1478,1961442,1961582,2737186,2737326,140,775604
1479,1961442,1961551,2737217,2737326,109,775666
1480,1961442,1961520,2737248,2737326,78,775728
1481,1961442,1961582,3020329,3020469,140,1058747
1482,1961442,1961582,3020360,3020500,140,1058778
1483,1961442,1961582,3020391,3020531,140,1058809
1484,1961442,1961574,3020422,3020554,132,1058848
1485,1961442,1961543,3020453,3020554,101,1058910
1486,1961442,1961512,3020484,3020554,70,1058972
1487,1961442,1961551,3020577,3020686,109,1059026
1488,1961442,1961520,3020608,3020686,78,1059088
1489,1961451,1961584,3020555,3020688,133,1058971
1490,1961454,1961582,2583381,2583509,128,621799
1491,1961460,1961582,2583718,2583840,122,622136
1492,1961460,1961582,2737080,2737202,122,775498
1493,1961470,1961551,2554756,2554837,81,593205
1494,1961470,1961582,3020326,3020438,112,1058744
1495,1961482,1961582,3020555,3020655,100,1058973
1496,1961485,1961582,2583381,2583478,97,621799
1497,1961491,1961582,2583718,2583809,91,622136
1498,1961491,1961582,2737080,2737171,91,775498
1499,1961501,1961582,2554756,2554837,81,593174
1500,1961501,1961582,3020326,3020407,81,1058744
1501,1961513,1961582,3020555,3020624,69,1058973
1502,1961516,1961582,2583381,2583447,66,621799
1503,1961522,1961582,2583718,2583778,60,622136
1504,1961522,1961582,2737080,2737140,60,775498
1505,1961532,1961582,2554756,2554806,50,593174
1506,1961532,1961582,3020326,3020376,50,1058744
1507,1972467,1972598,2943979,2944110,131,971381
1508,1972469,1972582,1972500,1972613,113,3031622
1509,1972469,1972551,1972531,1972613,82,3031622
1510,1972469,1972567,2944012,2944110,98,971445
1511,1972469,1972536,2944043,2944110,67,971507
1512,1972500,1972613,2943981,2944094,113,971368
1513,1972531,1972613,2943981,2944063,82,971368
1514,1972562,1972613,2943981,2944032,51,971368
1515,1972614,1972753,1972645,1972784,139,3031596
1516,1972614,1972722,1972676,1972784,108,3031596
1517,1972614,1972722,2944002,2944110,108,971280
1518,1972614,1972691,2944033,2944110,77,971342
1519,1972624,1972753,2943981,2944110,129,971228
1520,1972655,1972784,2943981,2944110,129,971197
1521,1972686,1972784,2943981,2944079,98,971197
1522,1972717,1972784,2943981,2944048,67,971197
1523,2000438,2000488,2000474,2000524,50,3031680
1524,2047264,2047320,2545860,2545916,56,498540
1525,2064053,2064118,2996164,2996229,65,932046
1526,2064060,2064117,2886444,2886501,57,822327
1527,2064060,2064117,2886505,2886562,57,822388
1528,2064060,2064117,2886566,2886623,57,822449
1529,2064060,2064118,2892273,2892331,58,828155
1530,2073870,2073927,2732151,2732208,57,658224
1531,2073871,2073933,2657405,2657467,62,583472
1532,2073871,2073928,2770543,2770600,57,696615
1533,2073871,2073928,2884040,2884097,57,810112
1534,2073871,2073928,2884101,2884158,57,810173
1535,2073871,2073928,2884162,2884219,57,810234
1536,2073877,2073928,2927881,2927932,51,853953
1537,2084064,2084162,2977112,2977210,98,892950
1538,2110947,2111005,2545849,2545907,58,434844
1539,2112311,2112424,2846718,2846831,113,734294
1540,2112317,2112392,2112349,2112424,75,3031659
1541,2112317,2112424,2846756,2846863,107,734332
1542,2112317,2112424,2846788,2846895,107,734364
1543,2112317,2112427,2846820,2846930,110,734393
1544,2112317,2112392,2846852,2846927,75,734460
1545,2112349,2112424,2846724,2846799,75,734300
1546,2112769,2112875,2985322,2985428,106,872447
1547,2151228,2151278,2770542,2770592,50,619264
1548,2151228,2151278,2884039,2884089,50,732761
1549,2151228,2151278,2884100,2884150,50,732822
1550,2151228,2151278,2884161,2884211,50,732883
1551,2194461,2194527,2194488,2194554,66,3031673
1552,2204349,2204400,2748397,2748448,51,543997
1553,2230762,2231067,2335828,2336133,305,104761
1554,2336510,2336568,2995537,2995595,58,658969
1555,2336640,2336699,2995666,2995725,59,658967
1556,2336700,2336762,2995726,2995788,62,658964
1557,2336789,2336864,2995816,2995891,75,658952
1558,2397055,2397129,2397127,2397201,74,3031620
1559,2402152,2402213,2765438,2765499,61,363225
1560,2554739,2554837,3020309,3020407,98,465472
1561,2554756,2554806,2554787,2554837,50,3031685
1562,2554756,2554837,2583397,2583478,81,28560
1563,2554756,2554837,2583428,2583509,81,28591
1564,2554756,2554837,2583459,2583540,81,28622
1565,2554756,2554837,2583490,2583571,81,28653
1566,2554756,2554815,2583521,2583580,59,28706
1567,2554756,2554837,2583728,2583809,81,28891
1568,2554756,2554837,2583759,2583840,81,28922
1569,2554756,2554837,2583790,2583871,81,28953
1570,2554756,2554837,2583821,2583902,81,28984
1571,2554756,2554837,2583852,2583933,81,29015
1572,2554756,2554806,2583883,2583933,50,29077
1573,2554756,2554837,2737090,2737171,81,182253
1574,2554756,2554837,2737121,2737202,81,182284
1575,2554756,2554837,2737152,2737233,81,182315
1576,2554756,2554837,2737183,2737264,81,182346
1577,2554756,2554837,2737214,2737295,81,182377
1578,2554756,2554837,2737245,2737326,81,182408
1579,2554756,2554806,2737276,2737326,50,182470
1580,2554756,2554837,3020357,3020438,81,465520
1581,2554756,2554837,3020388,3020469,81,465551
1582,2554756,2554837,3020419,3020500,81,465582
1583,2554756,2554837,3020450,3020531,81,465613
1584,2554756,2554829,3020481,3020554,73,465652
1585,2554756,2554837,3020574,3020655,81,465737
1586,2554756,2554837,3020605,3020686,81,465768
1587,2554756,2554806,3020636,3020686,50,465830
1588,2554768,2554837,3020555,3020624,69,465718
1589,2554771,2554837,2583381,2583447,66,28544
1590,2554777,2554837,2583718,2583778,60,28881
1591,2554777,2554837,2737080,2737140,60,182243
1592,2554787,2554837,3020326,3020376,50,465489
1593,2583381,2583549,2583412,2583580,168,3031567
1594,2583381,2583518,2583443,2583580,137,3031567
1595,2583381,2583487,2583474,2583580,106,3031567
1596,2583381,2583580,2737105,2737304,199,153525
1597,2583381,2583571,2737136,2737326,190,153565
1598,2583381,2583540,2737167,2737326,159,153627
1599,2583381,2583509,2737198,2737326,128,153689
1600,2583381,2583478,2737229,2737326,97,153751
1601,2583381,2583447,2737260,2737326,66,153813
1602,2583381,2583580,3020341,3020540,199,436761
1603,2583381,2583563,3020372,3020554,182,436809
1604,2583381,2583532,3020403,3020554,151,436871
1605,2583381,2583501,3020434,3020554,120,436933
1606,2583381,2583470,3020465,3020554,89,436995
1607,2583381,2583439,3020496,3020554,58,437057
1608,2583381,2583509,3020558,3020686,128,437049
1609,2583381,2583478,3020589,3020686,97,437111
1610,2583381,2583447,3020620,3020686,66,437173
1611,2583387,2583580,2737080,2737273,193,153500
1612,2583397,2583580,3020326,3020509,183,436746
1613,2583409,2583540,3020555,3020686,131,437015
1614,2583418,2583580,2737080,2737242,162,153500
1615,2583428,2583580,3020326,3020478,152,436746
1616,2583440,2583571,3020555,3020686,131,436984
1617,2583449,2583580,2737080,2737211,131,153500
1618,2583459,2583580,3020326,3020447,121,436746
1619,2583471,2583580,3020555,3020664,109,436975
1620,2583480,2583580,2737080,2737180,100,153500
1621,2583490,2583580,3020326,3020416,90,436746
1622,2583502,2583580,3020555,3020633,78,436975
1623,2583511,2583580,2737080,2737149,69,153500
1624,2583521,2583580,3020326,3020385,59,436746
1625,2583718,2583902,2583749,2583933,184,3031551
1626,2583718,2583871,2583780,2583933,153,3031551
1627,2583718,2583840,2583811,2583933,122,3031551
1628,2583718,2583933,2737080,2737295,215,153147
1629,2583718,2583935,2737111,2737328,217,153176
1630,2583718,2583902,2737142,2737326,184,153240
1631,2583718,2583871,2737173,2737326,153,153302
1632,2583718,2583840,2737204,2737326,122,153364
1633,2583718,2583809,2737235,2737326,91,153426
1634,2583718,2583778,2737266,2737326,60,153488
1635,2583718,2583925,3020347,3020554,207,436422
1636,2583718,2583894,3020378,3020554,176,436484
1637,2583718,2583863,3020409,3020554,145,436546
1638,2583718,2583832,3020440,3020554,114,436608
1639,2583718,2583801,3020471,3020554,83,436670
1640,2583718,2583770,3020502,3020554,52,436732
1641,2583718,2583840,3020564,3020686,122,436724
1642,2583718,2583809,3020595,3020686,91,436786
1643,2583718,2583778,3020626,3020686,60,436848
1644,2583728,2583933,3020326,3020531,205,436393
1645,2583740,2583871,3020555,3020686,131,436684
1646,2583749,2583933,2737080,2737264,184,153147
1647,2583759,2583933,3020326,3020500,174,436393
1648,2583771,2583902,3020555,3020686,131,436653
1649,2583780,2583933,2737080,2737233,153,153147
1650,2583790,2583933,3020326,3020469,143,436393
1651,2583802,2583933,3020555,3020686,131,436622
1652,2583811,2583933,2737080,2737202,122,153147
1653,2583821,2583933,3020326,3020438,112,436393
1654,2583833,2583933,3020555,3020655,100,436622
1655,2583842,2583933,2737080,2737171,91,153147
1656,2583852,2583933,3020326,3020407,81,436393
1657,2583864,2583933,3020555,3020624,69,436622
1658,2583873,2583933,2737080,2737140,60,153147
1659,2583883,2583933,3020326,3020376,50,436393
1660,2657405,2657461,2732152,2732208,56,74691
1661,2657405,2657462,2770543,2770600,57,113081
1662,2657405,2657462,2884040,2884097,57,226578
1663,2657405,2657462,2884101,2884158,57,226639
1664,2657405,2657462,2884162,2884219,57,226700
1665,2657411,2657462,2927881,2927932,51,270419
1666,2681918,2682020,2681950,2682052,102,3031632
1667,2681918,2681988,2681982,2682052,70,3031632
1668,2732152,2732208,2770543,2770599,56,38335
1669,2732152,2732208,2884040,2884096,56,151832
1670,2732152,2732208,2884101,2884157,56,151893
1671,2732152,2732208,2884162,2884218,56,151954
1672,2732158,2732208,2927881,2927931,50,195673
1673,2737080,2737295,2737111,2737326,215,3031520
1674,2737080,2737264,2737142,2737326,184,3031520
1675,2737080,2737233,2737173,2737326,153,3031520
1676,2737080,2737287,3020347,3020554,207,283060
1677,2737080,2737256,3020378,3020554,176,283122
1678,2737080,2737225,3020409,3020554,145,283184
1679,2737080,2737194,3020440,3020554,114,283246
1680,2737080,2737163,3020471,3020554,83,283308
1681,2737080,2737132,3020502,3020554,52,283370
1682,2737080,2737202,3020564,3020686,122,283362
1683,2737080,2737171,3020595,3020686,91,283424
1684,2737080,2737140,3020626,3020686,60,283486
1685,2737090,2737318,3020326,3020554,228,283008
1686,2737102,2737233,3020555,3020686,131,283322
1687,2737121,2737326,3020326,3020531,205,283000
1688,2737133,2737264,3020555,3020686,131,283291
1689,2737152,2737326,3020326,3020500,174,283000
1690,2737164,2737295,3020555,3020686,131,283260
1691,2737183,2737326,3020326,3020469,143,283000
1692,2737195,2737326,3020555,3020686,131,283229
1693,2737214,2737326,3020326,3020438,112,283000
1694,2737226,2737326,3020555,3020655,100,283229
1695,2737245,2737326,3020326,3020407,81,283000
1696,2737257,2737326,3020555,3020624,69,283229
1697,2737276,2737326,3020326,3020376,50,283000
1698,2770531,2770608,2884028,2884105,77,113420
1699,2770531,2770608,2884089,2884166,77,113481
1700,2770531,2770608,2884150,2884227,77,113542
1701,2770549,2770606,2927881,2927938,57,157275
1702,2846724,2846895,2846756,2846927,171,3031563
1703,2846724,2846863,2846788,2846927,139,3031563
1704,2846724,2846831,2846820,2846927,107,3031563
1705,2884025,2884176,2884086,2884237,151,3031554
1706,2884046,2884103,2927881,2927938,57,43778
1707,2884107,2884164,2927881,2927938,57,43717
1708,2884168,2884225,2927881,2927938,57,43656
1709,2886405,2886461,2892049,2892105,56,5588
1710,2886405,2886461,2892080,2892136,56,5619
1711,2886405,2886461,2892111,2892167,56,5650
1712,2886405,2886461,2892142,2892198,56,5681
1713,2886405,2886501,2892234,2892330,96,5733
1714,2886426,2886564,2886487,2886625,138,3031567
1715,2886444,2886501,2996171,2996228,57,109670
1716,2886487,2886562,2892255,2892330,75,5693
1717,2886505,2886562,2996171,2996228,57,109609
1718,2886548,2886623,2892255,2892330,75,5632
1719,2886566,2886623,2996171,2996228,57,109548
1720,2892049,2892190,2892080,2892221,141,3031594
1721,2892049,2892159,2892111,2892221,110,3031594
1722,2892273,2892333,2996171,2996231,60,103838
1723,2943981,2944079,2944012,2944110,98,3031637
1724,2943981,2944048,2944043,2944110,67,3031637
1725,3020326,3020523,3020357,3020554,197,3031538
1726,3020326,3020492,3020388,3020554,166,3031538
1727,3020326,3020461,3020419,3020554,135,3031538
1728,3020555,3020655,3020586,3020686,100,3031635
1729,3020555,3020624,3020617,3020686,69,3031635
1730,3031561,3031736,3031591,3031766,175,3031561
1731,3031561,3031706,3031621,3031766,145,3031561
1732,3031561,3031676,3031651,3031766,115,3031561
